anombre , apellido, email, gender, phone_number 
nombre , apellido, email, gender, phone_number 
nombre , apellido, email, gender, phone_number 
Lindsy,Jerde,lindsy.jerde@email.com,Genderqueer,+597 (750) 047-4668
Chante,Lockman,chante.lockman@email.com,Male,+63 1-466-634-9864 x6123
Contessa,Rohan,contessa.rohan@email.com,Male,+223 763-635-7531 x689
Sergio,Marks,sergio.marks@email.com,Genderfluid,+968 (345) 124-4184
Audry,Christiansen,audry.christiansen@email.com,Male,+244 908.834.3499 x034
Isidro,Klocko,isidro.klocko@email.com,Genderqueer,+249 766.926.4967
Carlie,Kautzer,carlie.kautzer@email.com,Genderfluid,+972 759.602.5190 x4730
Deandre,Gerhold,deandre.gerhold@email.com,Non-binary,+376 996-615-7941
Elena,Rippin,elena.rippin@email.com,Agender,+886 784-216-6729 x263
Lidia,Schamberger,lidia.schamberger@email.com,Genderfluid,+43 (794) 872-1764 x4792
Shenna,Aufderhar,shenna.aufderhar@email.com,Male,+966 (216) 713-9848 x913
Hee,Lebsack,hee.lebsack@email.com,Non-binary,+239 205-972-4490 x434
Kurt,Kulas,kurt.kulas@email.com,Polygender,+299 612.985.7149 x28840
Roscoe,Wilderman,roscoe.wilderman@email.com,Male,+263 1-593-571-4335 x73064
Karrie,Mann,karrie.mann@email.com,Genderfluid,+234 246-630-1842 x23707
nombre , apellido, email, gender, phone_number 
Zella,Carter,zella.carter@email.com,Genderfluid,+386 (483) 878-7451 x156
Cesar,Turner,cesar.turner@email.com,Genderfluid,+1-784 1-874-884-3697 x185
Salina,Hagenes,salina.hagenes@email.com,Genderqueer,+968 197-501-9605 x3193
Moses,Gaylord,moses.gaylord@email.com,Bigender,+1 (837) 590-9908
Chong,Williamson,chong.williamson@email.com,Genderqueer,+94 1-830-641-2956
Chia,Glover,chia.glover@email.com,Male,+507 1-423-806-2510 x25816
Hai,Conroy,hai.conroy@email.com,Male,+221 662.177.1146
Kanesha,Bechtelar,kanesha.bechtelar@email.com,Agender,+225 202.483.4382 x10965
Myron,Toy,myron.toy@email.com,Genderqueer,+229 927.684.9442 x8773
Arnulfo,Klein,arnulfo.klein@email.com,Male,+54 710.866.6023 x548
Patrick,Jacobs,patrick.jacobs@email.com,Female,+677 1-111-164-7496 x490
Ed,Koch,ed.koch@email.com,Bigender,+598 1-949-420-9113 x3344
Ashleigh,Gulgowski,ashleigh.gulgowski@email.com,Agender,+676 (802) 040-8701 x02135
Stewart,Konopelski,stewart.konopelski@email.com,Non-binary,+44 334-409-8509
Ocie,Lindgren,ocie.lindgren@email.com,Male,+676 318.585.6262 x6128
Saul,Graham,saul.graham@email.com,Bigender,+98 362.320.8915 x144
Danelle,Adams,danelle.adams@email.com,Bigender,+256 1-397-746-3741 x329
Son,Emmerich,son.emmerich@email.com,Polygender,+61 1-493-807-8197 x20325
Myong,Gusikowski,myong.gusikowski@email.com,Non-binary,+965 (333) 574-2122
Celestina,Stroman,celestina.stroman@email.com,Agender,+1-758 (824) 360-8914 x69889
Dannette,Tromp,dannette.tromp@email.com,Non-binary,+66 1-323-511-1135
Ruthanne,Sauer,ruthanne.sauer@email.com,Genderfluid,+81 558.479.7963 x368
Amberly,Ullrich,amberly.ullrich@email.com,Female,+90 (795) 647-5850 x017
Elin,Hodkiewicz,elin.hodkiewicz@email.com,Genderfluid,+91 609-418-3533 x12781
Allison,Hickle,allison.hickle@email.com,Non-binary,+41 614-959-7491
Kathlyn,Legros,kathlyn.legros@email.com,Female,+231 1-588-978-2337 x400
Leeanne,Mueller,leeanne.mueller@email.com,Agender,+675 1-654-926-8703
Romeo,Farrell,romeo.farrell@email.com,Bigender,+960 (203) 849-5144 x022
Morris,Nolan,morris.nolan@email.com,Agender,+1-868 (907) 343-2546 x2196
Randall,Willms,randall.willms@email.com,Male,+500 403.950.0297
Cherish,Cummings,cherish.cummings@email.com,Polygender,+692 (576) 765-4735
Jacques,Zulauf,jacques.zulauf@email.com,Female,+974 1-773-757-7707 x102
Britt,Becker,britt.becker@email.com,Bigender,+32 (465) 473-4563 x6790
Nona,Mertz,nona.mertz@email.com,Bigender,+44 690-435-1435 x828
Abby,Greenfelder,abby.greenfelder@email.com,Bigender,+960 (878) 521-4170 x68729
Lisbeth,Cole,lisbeth.cole@email.com,Genderfluid,+255 1-274-225-9593 x5125
Marcel,McCullough,marcel.mccullough@email.com,Polygender,+1-758 1-283-978-7743 x1216
Florencio,Predovic,florencio.predovic@email.com,Male,+672 843.236.9425
Alex,Ernser,alex.ernser@email.com,Male,+48 (683) 259-9170 x03081
Kristine,Stamm,kristine.stamm@email.com,Bigender,+809 (708) 444-3316 x279
Carlena,Cummings,carlena.cummings@email.com,Male,+58 1-190-899-2747
Maynard,Prohaska,maynard.prohaska@email.com,Bigender,+51 739.724.7895 x718
Fanny,Frami,fanny.frami@email.com,Genderqueer,+677 (207) 881-6316 x2493
Izetta,Kovacek,izetta.kovacek@email.com,Non-binary,+252 (314) 911-7905 x1716
Alexis,Cartwright,alexis.cartwright@email.com,Bigender,+63 302-086-9715 x749
Francesco,Buckridge,francesco.buckridge@email.com,Male,+238 (615) 135-7332
Angila,Cormier,angila.cormier@email.com,Bigender,+56 (445) 240-6198 x84782
Elbert,Stark,elbert.stark@email.com,Polygender,+683 375-570-7952 x767
Jamison,Reinger,jamison.reinger@email.com,Genderfluid,+1-671 633.818.3828
Carmelia,Funk,carmelia.funk@email.com,Non-binary,+7-7 325.770.8618 x59347
