nombre,apellido,email,gender,phone_number
Monroe,Reilly,monroe.reilly@email.com,Non-binary,+36 1-283-012-8728 x87626
Hoyt,Hirthe,hoyt.hirthe@email.com,Polygender,+229 (943) 690-5523 x7963
Lissette,Dach,lissette.dach@email.com,Bigender,+676 525.153.3794 x4472
Ezequiel,Daugherty,ezequiel.daugherty@email.com,Female,+268 654.277.8595 x283
Bianca,Grant,bianca.grant@email.com,Genderfluid,+1-684 116-516-1213 x00459
Neomi,Blanda,neomi.blanda@email.com,Polygender,+225 738.419.7947 x975
Eloise,Crooks,eloise.crooks@email.com,Female,+255 731-886-3783
Clarita,Franecki,clarita.franecki@email.com,Non-binary,+1-758 805-996-0204 x700
Verdie,Kunde,verdie.kunde@email.com,Genderfluid,+90 720.215.8757 x9575
Norah,Collins,norah.collins@email.com,Genderqueer,+596 (373) 664-1527
Jani,Wunsch,jani.wunsch@email.com,Male,+1-441 378-101-8784 x9169
Sophie,Schoen,sophie.schoen@email.com,Genderfluid,+1-268 (459) 924-5768
Hyacinth,Steuber,hyacinth.steuber@email.com,Female,+45 624-707-3424 x224
Emilio,Douglas,emilio.douglas@email.com,Agender,+1-758 737-049-2611 x302
Sharika,Carroll,sharika.carroll@email.com,Agender,+299 1-849-625-3757 x250
Randolph,Jast,randolph.jast@email.com,Female,+224 (876) 498-4881 x74787
Kacie,Greenholt,kacie.greenholt@email.com,Female,+1 662.467.5995 x5459
Madie,Jenkins,madie.jenkins@email.com,Genderfluid,+226 911.527.6950 x7579
Jackie,Schuppe,jackie.schuppe@email.com,Male,+33 888.886.4411
Ching,Bechtelar,ching.bechtelar@email.com,Female,+55 347-645-5313 x3097
Leone,Hegmann,leone.hegmann@email.com,Non-binary,+240 509.441.5932 x7135
Scott,Prosacco,scott.prosacco@email.com,Genderfluid,+850 646-447-6482 x63916
Lowell,Hilpert,lowell.hilpert@email.com,Non-binary,+504 274-126-7532
Julian,Graham,julian.graham@email.com,Non-binary,+63 1-218-556-0946 x50062
Ruben,Harvey,ruben.harvey@email.com,Genderfluid,+227 1-977-071-1060 x4593
Cecila,Bernier,cecila.bernier@email.com,Female,+973 418-988-4886
Nolan,Durgan,nolan.durgan@email.com,Polygender,+241 374.394.8562 x221
Tanner,Hermann,tanner.hermann@email.com,Bigender,+241 909-056-8301
Andrew,Daniel,andrew.daniel@email.com,Non-binary,+1-670 (772) 403-2978 x734
Aliza,Becker,aliza.becker@email.com,Genderfluid,+238 (531) 830-8470 x376
Shanda,Stamm,shanda.stamm@email.com,Non-binary,+996 916-592-5913 x69163
Stanley,Considine,stanley.considine@email.com,Female,+977 769-583-7703
Numbers,Breitenberg,numbers.breitenberg@email.com,Female,+501 217-995-8449 x154
Ricki,Jast,ricki.jast@email.com,Genderqueer,+30 1-835-070-1730 x1522
Erika,Gaylord,erika.gaylord@email.com,Agender,+965 981.147.4484 x4975
Dominick,Rohan,dominick.rohan@email.com,Bigender,+856 724.678.9011
Eliseo,Pacocha,eliseo.pacocha@email.com,Bigender,+266 642-734-6578 x0700
Jackeline,Kuphal,jackeline.kuphal@email.com,Genderqueer,+1-876 1-239-876-7797 x7064
Von,Daniel,von.daniel@email.com,Non-binary,+809 541-189-1903 x7379
Charley,Von,charley.von@email.com,Female,+595 276-282-0651 x374
Annika,Kerluke,annika.kerluke@email.com,Non-binary,+1-345 1-988-500-8330 x240
Nga,Hoppe,nga.hoppe@email.com,Genderqueer,+231 1-392-359-9070 x87274
Glendora,Sauer,glendora.sauer@email.com,Agender,+886 495-103-8676 x29266
Kenny,Parker,kenny.parker@email.com,Male,+95 1-751-101-1772
Lewis,Luettgen,lewis.luettgen@email.com,Genderfluid,+423 (842) 856-9257 x7846
Parker,Steuber,parker.steuber@email.com,Bigender,+506 (337) 246-6936
Jerold,Champlin,jerold.champlin@email.com,Genderfluid,+93 355.645.9379 x728
Cathrine,Marquardt,cathrine.marquardt@email.com,Polygender,+962 (103) 684-1321
Diedra,Schuppe,diedra.schuppe@email.com,Non-binary,+241 572.281.9365 x9309
Jimmie,Skiles,jimmie.skiles@email.com,Female,+298 512.547.8916 x1120